User-ID,ISBN,Association_Score
278800,0671027387,8.590081193767828
278800,0671027360,8.50524041912579
278800,0385504209,1.9024822910464991
